{
  "arch": "MiniMax-M2.7-NVFP4",
  "slice": "v6e-8",
  "nl": 62,
  "ctx": 2048,
  "load_seconds": 79.05074071884155,
  "sweep": [
    {
      "batch": 8,
      "ctx": 2048,
      "iters": 5,
      "ms_min": 144.55166799598373,
      "ms_mean": 146.20634999737376,
      "ms_max": 147.76579799945466,
      "ms_p50": 145.91995799855795,
      "tok_per_s": 54.71718567725478
    }
  ],
  "ppl": null,
  "generation": null
}