{
  "arch": "MiniMax-M2.7-NVFP4",
  "slice": "v6e-8",
  "nl": 62,
  "ctx": 2048,
  "load_seconds": 75.27503442764282,
  "sweep": [
    {
      "batch": 8,
      "ctx": 2048,
      "iters": 5,
      "ms_min": 744.6614510045038,
      "ms_mean": 744.774715002859,
      "ms_max": 745.1114610012155,
      "ms_p50": 744.6853510045912,
      "tok_per_s": 10.741503220835432
    }
  ],
  "ppl": null,
  "generation": null
}